[
    {"src": "img/works/DioneandCo_1.jpg", "title": "VanMoof Branding"},
    {"src": "img/works/DioneandCo_2.jpg", "title": "VanMoof Branding"},
    {"src": "img/works/DioneandCo_3.jpg", "title": "VanMoof Branding"},
    {"src": "img/works/DioneandCo_4.jpg", "title": "VanMoof Branding"},
    {"src": "img/works/DioneandCo_5.jpg", "title": "VanMoof Branding"},
    {"src": "img/works/DioneandCo_6.jpg", "title": "VanMoof Branding"},
    {"src": "img/works/DioneandCo_7.jpg", "title": "VanMoof Branding"},
    {"src": "img/works/DioneandCo_8.jpg", "title": "VanMoof Branding"},
    {"src": "img/works/DioneandCo_9.jpg", "title": "VanMoof Branding"},
    {"src": "img/works/DioneandCo_10.jpg", "title": "VanMoof Branding"},
    {"src": "img/works/DioneandCo_11.jpg", "title": "VanMoof Branding"},
    {"src": "img/works/DioneandCo_12.jpg", "title": "VanMoof Branding"},
    {"src": "img/works/DioneandCo_13.jpg", "title": "VanMoof Branding"},
    {"src": "img/works/DioneandCo_14.jpg", "title": "VanMoof Branding"},
    {"src": "img/works/DioneandCo_15.jpg", "title": "VanMoof Branding"}
   
  ]