[
    {"src": "img/works/DioneandCo_1.jpg", "title": "Logo and Folder design"},
    {"src": "img/works/DioneandCo_2.jpg", "title": "Agrosol - Logo, website and folder design"},
    {"src": "img/works/DioneandCo_3.jpg", "title": "Boost - Logo and Packaging Design options"},
    {"src": "img/works/DioneandCo_4.jpg", "title": "Brizz - Brand naming and packaging"},
    {"src": "img/works/DioneandCo_5.jpg", "title": "CDC - Gazebo and Banners"},
    {"src": "img/works/DioneandCo_6.jpg", "title": "Clean Air Fund - Gazebo, Banners and Table cloth"},
    {"src": "img/works/DioneandCo_7.jpg", "title": "Gazebo and Banners"},
    {"src": "img/works/DioneandCo_8.jpg", "title": "Social media posts"},
    {"src": "img/works/DioneandCo_9.jpg", "title": "Modisane - logo, website and banners"},
    {"src": "img/works/DioneandCo_10.jpg", "title": "T-shirts and vehicle branding"},
    {"src": "img/works/DioneandCo_11.jpg", "title": "Molefe - logo, golfers, website and vehicle branding"},
    {"src": "img/works/DioneandCo_12.jpg", "title": "The Cream Bar - logo and packaging"},
    {"src": "img/works/DioneandCo_13.jpg", "title": "The Cream Bar - logo and packaging"},
    {"src": "img/works/DioneandCo_14.jpg", "title": "Uhuru - Corporate brochures and vehicle branding"},
    {"src": "img/works/DioneandCo_15.jpg", "title": "Valley Seeds - Promotional Material"}
   
  ]